{
    "version": 1,
    "beforeBuildTasks": [],
    "afterBuildTasks": [
        {
            "name": "make hex",
            "disable": true,
            "abortAfterFailed": false,
            "command": "\"${CompilerFolder}/${CompilerPrefix}objcopy\" -O ihex \"${OutDir}/${TargetName}.elf\" \"${OutDir}/${TargetName}.hex\""
        },
        {
            "name": "make bin",
            "disable": true,
            "abortAfterFailed": false,
            "command": "\"${CompilerFolder}/${CompilerPrefix}objcopy\" -O binary \"${OutDir}/${TargetName}.elf\" \"${OutDir}/${TargetName}.bin\""
        }
    ],
    "global": {},
    "c/cpp-compiler": {
        "one-elf-section-per-function": true,
        "one-elf-section-per-data": true,
        "C_FLAGS": "-c -xc -g -Wall -pthread",
        "CXX_FLAGS": "-c -xc++ -g"
    },
    "asm-compiler": {
        "ASM_FLAGS": "-c"
    },
    "linker": {
        "output-format": "elf",
        "remove-unused-input-sections": true,
        "linker-type": "gcc",
        "LIB_FLAGS": "-llcm -lglib-2.0 -lgthread-2.0"
    }
}