{
  "name": "demo_lcm_litsener",
  "type": "ANY-GCC",
  "dependenceList": [],
  "srcDirs": [],
  "virtualFolder": {
    "name": "<virtual_root>",
    "files": [
      {
        "path": "GPS_Message_Type.c"
      },
      {
        "path": "listener.c"
      }
    ],
    "folders": []
  },
  "outDir": "build",
  "deviceName": null,
  "packDir": null,
  "miscInfo": {
    "uid": "5c5ed14d3b3c5f629f4ff3df201a633c"
  },
  "targets": {
    "Debug": {
      "excludeList": [],
      "toolchain": "ANY_GCC",
      "compileConfig": {
        "linkerScriptPath": "",
        "options": "null"
      },
      "uploader": "Custom",
      "uploadConfig": {
        "bin": "${ExecutableName}.elf",
        "commandLine": "sshpass -p root scp ${OutDirBase}/${ProjectName}.elf root@192.168.0.18:/home/root/test/",
        "eraseChipCommand": ""
      },
      "uploadConfigMap": {
        "JLink": {
          "bin": "",
          "baseAddr": "",
          "cpuInfo": {
            "vendor": "null",
            "cpuName": "null"
          },
          "proType": 1,
          "speed": 8000,
          "otherCmds": ""
        }
      },
      "custom_dep": {
        "name": "default",
        "incList": [
          "include",
          "../../AUV_SDK/Aarch64/include"
        ],
        "libList": [
          "../../AUV_SDK/Aarch64/lib"
        ],
        "sourceDirList": [],
        "defineList": []
      }
    }
  },
  "version": "3.3"
}